kf,Dehnung
412.493866259861,0
420.250053850325,0.001001001001001
424.15197101363,0.002002002002002
427.286758038834,0.003003003003003
430.007137461594,0.004004004004004
432.455014715862,0.005005005005005
434.705063480918,0.00600600600600601
436.802531590472,0.00700700700700701
438.777383290649,0.00800800800800801
440.650721116098,0.00900900900900901
442.438095577454,0.01001001001001
444.151371944295,0.011011011011011
445.799857198678,0.012012012012012
447.391017518182,0.013013013013013
448.930955058438,0.014014014014014
450.42473616533,0.015015015015015
451.876624100707,0.016016016016016
453.290248272716,0.017017017017017
454.668729996813,0.018018018018018
456.014777738643,0.019019019019019
457.330760454738,0.02002002002002
458.618764906619,0.021021021021021
459.880641043834,0.022022022022022
461.118038366884,0.023023023023023
462.332435375498,0.024024024024024
463.525163649312,0.025025025025025
464.697427714059,0.026026026026026
465.850321563945,0.027027027027027
466.984842505596,0.028028028028028
468.101902837535,0.029029029029029
469.202339766313,0.03003003003003
470.286923875211,0.031031031031031
471.356366396485,0.032032032032032
472.411325488193,0.033033033033033
473.452411677759,0.034034034034034
474.480192604087,0.035035035035035
475.495197166001,0.036036036036036
476.497919165696,0.037037037037037
477.488820520632,0.038038038038038
478.468334104957,0.039039039039039
479.436866271567,0.04004004004004
480.394799097757,0.041041041041041
481.342492390751,0.042042042042042
482.280285483863,0.043043043043043
483.208498849503,0.044044044044044
484.127435551425,0.045045045045045
485.037382555452,0.046046046046046
485.938611915236,0.047047047047047
486.831381847357,0.048048048048048
487.715937708192,0.049049049049049
488.592512883329,0.0500500500500501
489.461329598949,0.0510510510510511
490.322599663415,0.0520520520520521
491.1765251463,0.0530530530530531
492.023299001201,0.0540540540540541
492.863105637947,0.0550550550550551
493.696121449166,0.0560560560560561
494.522515295586,0.0570570570570571
495.342448953976,0.0580580580580581
496.156077531205,0.0590590590590591
496.963549847492,0.0600600600600601
497.765008791631,0.0610610610610611
498.56059165066,0.0620620620620621
499.350430416187,0.0630630630630631
500.134652069385,0.0640640640640641
500.913378846435,0.0650650650650651
501.686728486047,0.0660660660660661
502.454814460519,0.0670670670670671
503.21774619166,0.0680680680680681
503.975629252774,0.0690690690690691
504.728565557794,0.0700700700700701
505.476653538553,0.0710710710710711
506.219988311098,0.0720720720720721
506.958661831864,0.0730730730730731
507.692763044451,0.0740740740740741
508.422378017698,0.0750750750750751
509.147590075673,0.0760760760760761
509.868479920155,0.0770770770770771
510.585125746129,0.0780780780780781
511.297603350785,0.0790790790790791
512.005986236454,0.0800800800800801
512.7103457079,0.0810810810810811
513.410750964331,0.0820820820820821
514.107269186493,0.0830830830830831
514.799965619147,0.0840840840840841
515.488903649239,0.0850850850850851
516.174144880035,0.0860860860860861
516.855749201463,0.0870870870870871
517.533774856915,0.0880880880880881
518.208278506702,0.0890890890890891
518.879315288395,0.0900900900900901
519.546938874205,0.0910910910910911
520.211201525609,0.0920920920920921
520.872154145355,0.0930930930930931
521.529846327025,0.0940940940940941
522.184326402268,0.0950950950950951
522.835641485864,0.0960960960960961
523.483837518717,0.0970970970970971
524.128959308903,0.0980980980980981
524.771050570883,0.0990990990990991
525.41015396297,0.1001001001001
526.046311123158,0.101101101101101
526.679562703386,0.102102102102102
527.30994840233,0.103103103103103
527.937506996799,0.104104104104104
528.562276371801,0.105105105105105
529.184293549353,0.106106106106106
529.8035947161,0.107107107107107
530.420215249795,0.108108108108108
531.034189744707,0.109109109109109
531.645552036004,0.11011011011011
532.254335223158,0.111111111111111
532.860571692435,0.112112112112112
533.464293138488,0.113113113113113
534.065530585124,0.114114114114114
534.664314405264,0.115115115115115
535.260674340142,0.116116116116116
535.854639517777,0.117117117117117
536.446238470753,0.118118118118118
537.035499153336,0.119119119119119
537.622448957957,0.12012012012012
538.207114731098,0.121121121121121
538.789522788594,0.122122122122122
539.36969893039,0.123123123123123
539.947668454766,0.124124124124124
540.523456172064,0.125125125125125
541.097086417928,0.126126126126126
541.66858306608,0.127127127127127
542.237969540665,0.128128128128128
542.80526882816,0.129129129129129
543.370503488886,0.13013013013013
543.933695668125,0.131131131131131
544.49486710687,0.132132132132132
545.054039152214,0.133133133133133
545.611232767394,0.134134134134134
546.166468541511,0.135135135135135
546.719766698931,0.136136136136136
547.27114710838,0.137137137137137
547.82062929175,0.138138138138138
548.368232432628,0.139139139139139
548.913975384547,0.14014014014014
549.457876678987,0.141141141141141
549.99995453312,0.142142142142142
550.540226857321,0.143143143143143
551.078711262443,0.144144144144144
551.615425066874,0.145145145145145
552.150385303378,0.146146146146146
552.683608725733,0.147147147147147
553.215111815166,0.148148148148148
553.744910786601,0.149149149149149
554.273021594723,0.15015015015015
554.799459939862,0.151151151151151
555.324241273703,0.152152152152152
555.847380804842,0.153153153153153
556.36889350417,0.154154154154154
556.888794110111,0.155155155155155
557.407097133708,0.156156156156156
557.923816863567,0.157157157157157
558.438967370666,0.158158158158158
558.952562513023,0.159159159159159
559.46461594024,0.16016016016016
559.975141097925,0.161161161161161
560.484151231985,0.162162162162162
560.99165939281,0.163163163163163
561.49767843934,0.164164164164164
562.002221043027,0.165165165165165
562.505299691688,0.166166166166166
563.006926693256,0.167167167167167
563.507114179437,0.168168168168168
564.005874109264,0.169169169169169
564.503218272564,0.17017017017017
564.999158293336,0.171171171171171
565.49370563304,0.172172172172172
565.986871593797,0.173173173173173
566.478667321521,0.174174174174174
566.969103808959,0.175175175175175
567.458191898661,0.176176176176176
567.945942285873,0.177177177177177
568.432365521363,0.178178178178178
568.917472014172,0.179179179179179
569.4012720343,0.18018018018018
569.883775715323,0.181181181181181
570.364993056957,0.182182182182182
570.844933927543,0.183183183183183
571.323608066491,0.184184184184184
571.801025086649,0.185185185185185
572.27719447663,0.186186186186186
572.752125603071,0.187187187187187
573.225827712851,0.188188188188188
573.698309935248,0.189189189189189
574.169581284051,0.19019019019019
574.639650659622,0.191191191191191
575.108526850907,0.192192192192192
575.576218537409,0.193193193193193
576.042734291106,0.194194194194194
576.508082578337,0.195195195195195
576.972271761633,0.196196196196196
577.435310101518,0.197197197197197
577.897205758262,0.198198198198198
578.357966793602,0.199199199199199
578.817601172417,0.2002002002002
579.276116764374,0.201201201201201
579.733521345531,0.202202202202202
580.189822599912,0.203203203203203
580.645028121046,0.204204204204204
581.099145413464,0.205205205205205
581.55218189418,0.206206206206206
582.004144894127,0.207207207207207
582.455041659569,0.208208208208208
582.904879353479,0.209209209209209
583.353665056895,0.21021021021021
583.801405770241,0.211211211211211
584.248108414619,0.212212212212212
584.693779833087,0.213213213213213
585.138426791892,0.214214214214214
585.582055981692,0.215215215215215
586.024674018751,0.216216216216216
586.466287446098,0.217217217217217
586.906902734684,0.218218218218218
587.346526284492,0.219219219219219
587.785164425642,0.22022022022022
588.222823419467,0.221221221221221
588.659509459568,0.222222222222222
589.09522867285,0.223223223223223
589.529987120532,0.224224224224224
589.963790799148,0.225225225225225
590.396645641517,0.226226226226226
590.828557517702,0.227227227227227
591.259532235944,0.228228228228228
591.689575543586,0.229229229229229
592.11869312797,0.23023023023023
592.546890617328,0.231231231231231
592.974173581643,0.232232232232232
593.400547533505,0.233233233233233
593.826017928945,0.234234234234234
594.250590168252,0.235235235235235
594.674269596783,0.236236236236236
595.097061505748,0.237237237237237
595.518971132986,0.238238238238238
595.940003663726,0.239239239239239
596.360164231332,0.24024024024024
596.779457918036,0.241241241241241
597.197889755661,0.242242242242242
597.615464726323,0.243243243243243
598.032187763126,0.244244244244244
598.448063750844,0.245245245245245
598.863097526588,0.246246246246246
599.277293880468,0.247247247247247
599.69065755623,0.248248248248248
600.103193251898,0.249249249249249
600.514905620393,0.25025025025025
600.925799270142,0.251251251251251
601.335878765687,0.252252252252252
601.745148628267,0.253253253253253
602.153613336404,0.254254254254254
602.561277326471,0.255255255255255
602.968144993251,0.256256256256256
603.374220690494,0.257257257257257
603.77950873145,0.258258258258258
604.184013389407,0.259259259259259
604.587738898214,0.26026026026026
604.990689452793,0.261261261261261
605.392869209644,0.262262262262262
605.794282287348,0.263263263263263
606.194932767048,0.264264264264264
606.594824692937,0.265265265265265
606.993962072725,0.266266266266266
607.392348878107,0.267267267267267
607.789989045223,0.268268268268268
608.186886475102,0.269269269269269
608.583045034107,0.27027027027027
608.978468554373,0.271271271271271
609.373160834232,0.272272272272272
609.767125638636,0.273273273273273
610.16036669957,0.274274274274274
610.552887716462,0.275275275275275
610.944692356584,0.276276276276276
611.335784255444,0.277277277277277
611.726167017181,0.278278278278278
612.115844214941,0.279279279279279
612.504819391258,0.28028028028028
612.893096058423,0.281281281281281
613.280677698849,0.282282282282282
613.66756776543,0.283283283283283
614.053769681896,0.284284284284284
614.439286843161,0.285285285285285
614.824122615663,0.286286286286286
615.208280337706,0.287287287287287
615.591763319788,0.288288288288288
615.974574844932,0.289289289289289
616.356718169006,0.29029029029029
616.738196521042,0.291291291291291
617.119013103548,0.292292292292292
617.499171092815,0.293293293293293
617.878673639221,0.294294294294294
618.257523867533,0.295295295295295
618.635724877195,0.296296296296296
619.013279742624,0.297297297297297
619.390191513492,0.298298298298298
619.766463215009,0.299299299299299
620.142097848202,0.3003003003003
620.517098390183,0.301301301301301
620.891467794426,0.302302302302302
621.265208991026,0.303303303303303
621.638324886961,0.304304304304304
622.010818366356,0.305305305305305
622.382692290731,0.306306306306306
622.753949499251,0.307307307307307
623.124592808977,0.308308308308308
623.494625015109,0.309309309309309
623.864048891221,0.31031031031031
624.232867189503,0.311311311311311
624.601082640991,0.312312312312312
624.968697955798,0.313313313313313
625.335715823341,0.314314314314314
625.702138912562,0.315315315315315
626.067969872153,0.316316316316316
626.433211330768,0.317317317317317
626.797865897241,0.318318318318318
627.161936160796,0.319319319319319
627.525424691256,0.32032032032032
627.888334039247,0.321321321321321
628.250666736402,0.322322322322322
628.612425295561,0.323323323323323
628.97361221097,0.324324324324324
629.33422995847,0.325325325325325
629.694280995695,0.326326326326326
630.053767762258,0.327327327327327
630.41269267994,0.328328328328328
630.771058152872,0.329329329329329
631.128866567717,0.33033033033033
631.486120293854,0.331331331331331
631.842821683547,0.332332332332332
632.198973072128,0.333333333333333
632.554576778163,0.334334334334334
632.909635103626,0.335335335335335
633.264150334065,0.336336336336336
633.61812473877,0.337337337337337
633.971560570933,0.338338338338338
634.324460067812,0.339339339339339
634.676825450891,0.34034034034034
635.028658926035,0.341341341341341
635.379962683646,0.342342342342342
635.730738898817,0.343343343343343
636.080989731484,0.344344344344344
636.430717326572,0.345345345345345
636.779923814148,0.346346346346346
637.12861130956,0.347347347347347
637.476781913586,0.348348348348348
637.824437712575,0.349349349349349
638.171580778584,0.35035035035035
638.51821316952,0.351351351351351
638.864336929276,0.352352352352352
639.209954087864,0.353353353353353
639.55506666155,0.354354354354354
639.899676652985,0.355355355355355
640.243786051337,0.356356356356356
640.587396832416,0.357357357357357
640.930510958802,0.358358358358358
641.273130379973,0.359359359359359
641.615257032425,0.36036036036036
641.956892839796,0.361361361361361
642.298039712986,0.362362362362362
642.638699550278,0.363363363363363
642.978874237454,0.364364364364364
643.318565647912,0.365365365365365
643.65777564278,0.366366366366366
643.996506071033,0.367367367367367
644.334758769601,0.368368368368368
644.672535563483,0.369369369369369
645.009838265854,0.37037037037037
645.346668678178,0.371371371371371
645.683028590309,0.372372372372372
646.018919780599,0.373373373373373
646.354344016007,0.374374374374374
646.689303052194,0.375375375375375
647.023798633634,0.376376376376376
647.357832493705,0.377377377377377
647.6914063548,0.378378378378378
648.024521928415,0.379379379379379
648.357180915255,0.38038038038038
648.689385005323,0.381381381381381
649.021135878021,0.382382382382382
649.352435202241,0.383383383383383
649.683284636459,0.384384384384384
650.013685828825,0.385385385385385
650.343640417258,0.386386386386386
650.673150029532,0.387387387387387
651.002216283368,0.388388388388388
651.330840786517,0.389389389389389
651.659025136853,0.39039039039039
651.986770922454,0.391391391391391
652.314079721691,0.392392392392392
652.640953103307,0.393393393393393
652.967392626505,0.394394394394394
653.293399841025,0.395395395395395
653.618976287232,0.396396396396396
653.944123496189,0.397397397397397
654.268842989742,0.398398398398398
654.593136280595,0.399399399399399
654.917004872388,0.4004004004004
655.240450259777,0.401401401401401
655.563473928505,0.402402402402402
655.886077355483,0.403403403403403
656.208262008859,0.404404404404404
656.530029348092,0.405405405405405
656.85138082403,0.406406406406406
657.172317878977,0.407407407407407
657.492841946763,0.408408408408408
657.81295445282,0.409409409409409
658.132656814246,0.41041041041041
658.451950439877,0.411411411411411
658.770836730356,0.412412412412412
659.089317078197,0.413413413413413
659.407392867854,0.414414414414414
659.725065475787,0.415415415415415
660.042336270525,0.416416416416416
660.359206612735,0.417417417417417
660.675677855281,0.418418418418418
660.991751343292,0.419419419419419
661.307428414221,0.42042042042042
661.622710397907,0.421421421421421
661.93759861664,0.422422422422422
662.252094385216,0.423423423423423
662.566199011002,0.424424424424424
662.879913793995,0.425425425425425
663.193240026876,0.426426426426426
663.506178995073,0.427427427427427
663.818731976818,0.428428428428428
664.130900243202,0.429429429429429
664.442685058232,0.43043043043043
664.754087678889,0.431431431431431
665.06510935518,0.432432432432432
665.375751330195,0.433433433433433
665.68601484016,0.434434434434434
665.995901114492,0.435435435435435
666.30541137585,0.436436436436436
666.61454684019,0.437437437437437
666.923308716814,0.438438438438438
667.231698208424,0.439439439439439
667.539716511172,0.44044044044044
667.84736481471,0.441441441441441
668.154644302243,0.442442442442442
668.461556150571,0.443443443443443
668.768101530148,0.444444444444444
669.074281605122,0.445445445445445
669.380097533389,0.446446446446446
669.685550466636,0.447447447447447
669.99064155039,0.448448448448448
670.295371924066,0.449449449449449
670.59974272101,0.45045045045045
670.903755068549,0.451451451451451
671.20741008803,0.452452452452452
671.510708894872,0.453453453453453
671.813652598606,0.454454454454454
672.116242302918,0.455455455455455
672.418479105697,0.456456456456456
672.720364099073,0.457457457457457
673.021898369464,0.458458458458458
673.323082997616,0.459459459459459
673.623919058645,0.46046046046046
673.924407622079,0.461461461461461
674.224549751899,0.462462462462462
674.52434650658,0.463463463463463
674.82379893913,0.464464464464464
675.122908097131,0.465465465465465
675.421675022778,0.466466466466466
675.720100752921,0.467467467467467
676.018186319099,0.468468468468468
676.315932747581,0.469469469469469
676.613341059404,0.47047047047047
676.910412270411,0.471471471471471
677.207147391289,0.472472472472472
677.503547427603,0.473473473473473
677.799613379836,0.474474474474474
678.095346243424,0.475475475475475
678.390747008792,0.476476476476476
678.685816661389,0.477477477477477
678.980556181725,0.478478478478478
679.274966545405,0.479479479479479
679.569048723164,0.48048048048048
679.862803680902,0.481481481481481
680.156232379714,0.482482482482482
680.449335775931,0.483483483483483
680.742114821148,0.484484484484485
681.034570462258,0.485485485485485
681.326703641486,0.486486486486487
681.618515296422,0.487487487487487
681.910006360051,0.488488488488488
682.201177760788,0.48948948948949
682.492030422506,0.49049049049049
682.78256526457,0.491491491491492
683.072783201869,0.492492492492492
683.362685144844,0.493493493493493
683.65227199952,0.494494494494495
683.941544667536,0.495495495495495
684.230504046177,0.496496496496497
684.5191510284,0.497497497497497
684.807486502867,0.498498498498498
685.095511353972,0.4994994994995
685.38322646187,0.500500500500501
685.670632702509,0.501501501501502
685.957730947654,0.502502502502503
686.244522064916,0.503503503503503
686.531006917784,0.504504504504504
686.817186365649,0.505505505505506
687.103061263832,0.506506506506507
687.388632463612,0.507507507507508
687.673900812251,0.508508508508508
687.958867153025,0.509509509509509
688.243532325247,0.510510510510511
688.527897164295,0.511511511511512
688.811962501635,0.512512512512513
689.095729164853,0.513513513513513
689.379197977674,0.514514514514514
689.662369759992,0.515515515515516
689.945245327893,0.516516516516517
690.227825493681,0.517517517517518
690.510111065904,0.518518518518518
690.792102849373,0.519519519519519
691.073801645194,0.520520520520521
691.355208250788,0.521521521521522
691.636323459914,0.522522522522523
691.917148062697,0.523523523523523
692.197682845645,0.524524524524524
692.47792859168,0.525525525525526
692.757886080156,0.526526526526527
693.037556086883,0.527527527527528
693.316939384151,0.528528528528528
693.596036740752,0.529529529529529
693.874848922,0.530530530530531
694.153376689758,0.531531531531532
694.431620802456,0.532532532532533
694.709582015116,0.533533533533533
694.987261079371,0.534534534534535
695.264658743486,0.535535535535536
695.541775752383,0.536536536536537
695.81861284766,0.537537537537538
696.09517076761,0.538538538538539
696.371450247247,0.53953953953954
696.64745201832,0.540540540540541
696.923176809339,0.541541541541542
697.198625345592,0.542542542542543
697.473798349168,0.543543543543544
697.748696538974,0.544544544544545
698.023320630756,0.545545545545546
698.297671337119,0.546546546546547
698.571749367548,0.547547547547548
698.845555428422,0.548548548548549
699.11909022304,0.54954954954955
699.392354451637,0.550550550550551
699.665348811399,0.551551551551552
699.93807399649,0.552552552552553
700.210530698063,0.553553553553554
700.482719604283,0.554554554554555
700.754641400343,0.555555555555556
701.026296768483,0.556556556556557
701.297686388008,0.557557557557558
701.568810935306,0.558558558558559
701.839671083866,0.55955955955956
702.110267504294,0.560560560560561
702.380600864331,0.561561561561562
702.650671828873,0.562562562562563
702.920481059983,0.563563563563564
703.190029216914,0.564564564564565
703.459316956122,0.565565565565566
703.728344931281,0.566566566566567
703.997113793307,0.567567567567568
704.265624190367,0.568568568568569
704.533876767897,0.56956956956957
704.801872168624,0.570570570570571
705.069611032571,0.571571571571572
705.337093997087,0.572572572572573
705.60432169685,0.573573573573574
705.871294763891,0.574574574574575
706.138013827605,0.575575575575576
706.40447951477,0.576576576576577
706.670692449561,0.577577577577578
706.936653253565,0.578578578578579
707.202362545794,0.57957957957958
707.467820942706,0.580580580580581
707.733029058214,0.581581581581582
707.997987503704,0.582582582582583
708.262696888048,0.583583583583584
708.52715781762,0.584584584584585
708.791370896311,0.585585585585586
709.055336725541,0.586586586586587
709.319055904274,0.587587587587588
709.582529029036,0.588588588588589
709.845756693922,0.58958958958959
710.108739490617,0.590590590590591
710.371478008405,0.591591591591592
710.633972834185,0.592592592592593
710.896224552483,0.593593593593594
711.158233745469,0.594594594594595
711.420000992966,0.595595595595596
711.681526872467,0.596596596596597
711.942811959146,0.597597597597598
712.203856825872,0.598598598598599
712.464662043222,0.5995995995996
712.725228179494,0.600600600600601
712.985555800721,0.601601601601602
713.245645470679,0.602602602602603
713.505497750908,0.603603603603604
713.765113200717,0.604604604604605
714.0244923772,0.605605605605606
714.283635835247,0.606606606606607
714.542544127559,0.607607607607608
714.801217804656,0.608608608608609
715.059657414895,0.60960960960961
715.317863504474,0.610610610610611
715.575836617452,0.611611611611612
715.833577295756,0.612612612612613
716.091086079194,0.613613613613614
716.348363505469,0.614614614614615
716.605410110185,0.615615615615616
716.862226426865,0.616616616616617
717.118812986959,0.617617617617618
717.375170319854,0.618618618618619
717.63129895289,0.61961961961962
717.887199411367,0.620620620620621
718.142872218557,0.621621621621622
718.398317895718,0.622622622622623
718.6535369621,0.623623623623624
718.908529934959,0.624624624624625
719.163297329571,0.625625625625626
719.417839659233,0.626626626626627
719.672157435285,0.627627627627628
719.926251167113,0.628628628628629
720.180121362163,0.62962962962963
720.43376852595,0.630630630630631
720.687193162067,0.631631631631632
720.940395772201,0.632632632632633
721.193376856137,0.633633633633634
721.44613691177,0.634634634634635
721.698676435116,0.635635635635636
721.950995920324,0.636636636636637
722.20309585968,0.637637637637638
722.454976743623,0.638638638638639
722.706639060752,0.63963963963964
722.958083297834,0.640640640640641
723.20930993982,0.641641641641642
723.460319469846,0.642642642642643
723.71111236925,0.643643643643644
723.961689117577,0.644644644644645
724.21205019259,0.645645645645646
724.46219607028,0.646646646646647
724.712127224874,0.647647647647648
724.961844128845,0.648648648648649
725.21134725292,0.64964964964965
725.460637066092,0.650650650650651
725.709714035626,0.651651651651652
725.958578627068,0.652652652652653
726.207231304258,0.653653653653654
726.455672529333,0.654654654654655
726.70390276274,0.655655655655656
726.951922463243,0.656656656656657
727.199732087934,0.657657657657658
727.447332092237,0.658658658658659
727.694722929921,0.65965965965966
727.941905053108,0.660660660660661
728.188878912277,0.661661661661662
728.435644956278,0.662662662662663
728.68220363234,0.663663663663664
728.928555386073,0.664664664664665
729.174700661484,0.665665665665666
729.420639900981,0.666666666666667
729.666373545382,0.667667667667668
729.911902033922,0.668668668668669
730.157225804264,0.66966966966967
730.402345292503,0.670670670670671
730.647260933177,0.671671671671672
730.891973159275,0.672672672672673
731.136482402241,0.673673673673674
731.380789091988,0.674674674674675
731.624893656898,0.675675675675676
731.868796523836,0.676676676676677
732.112498118157,0.677677677677678
732.355998863709,0.678678678678679
732.599299182846,0.67967967967968
732.84239949643,0.680680680680681
733.085300223845,0.681681681681682
733.328001782997,0.682682682682683
733.57050459033,0.683683683683684
733.812809060822,0.684684684684685
734.054915608005,0.685685685685686
734.296824643962,0.686686686686687
734.538536579338,0.687687687687688
734.780051823349,0.688688688688689
735.021370783785,0.68968968968969
735.26249386702,0.690690690690691
735.503421478019,0.691691691691692
735.744154020343,0.692692692692693
735.984691896156,0.693693693693694
736.225035506234,0.694694694694695
736.465185249971,0.695695695695696
736.705141525382,0.696696696696697
736.944904729116,0.697697697697698
737.184475256459,0.698698698698699
737.423853501341,0.6996996996997
737.663039856341,0.700700700700701
737.902034712699,0.701701701701702
738.140838460314,0.702702702702703
738.37945148776,0.703703703703704
738.617874182283,0.704704704704705
738.856106929816,0.705705705705706
739.094150114979,0.706706706706707
739.332004121089,0.707707707707708
739.569669330163,0.708708708708709
739.807146122927,0.70970970970971
740.044434878823,0.710710710710711
740.28153597601,0.711711711711712
740.518449791377,0.712712712712713
740.755176700543,0.713713713713714
740.991717077866,0.714714714714715
741.228071296449,0.715715715715716
741.464239728146,0.716716716716717
741.700222743568,0.717717717717718
741.936020712085,0.718718718718719
742.171634001839,0.71971971971972
742.407062979744,0.720720720720721
742.642308011493,0.721721721721722
742.877369461567,0.722722722722723
743.112247693236,0.723723723723724
743.346943068568,0.724724724724725
743.581455948432,0.725725725725726
743.815786692507,0.726726726726727
744.049935659285,0.727727727727728
744.283903206075,0.728728728728729
744.517689689014,0.72972972972973
744.751295463068,0.730730730730731
744.984720882036,0.731731731731732
745.217966298562,0.732732732732733
745.451032064134,0.733733733733734
745.683918529092,0.734734734734735
745.916626042632,0.735735735735736
746.149154952814,0.736736736736737
746.381505606565,0.737737737737738
746.613678349685,0.738738738738739
746.845673526849,0.73973973973974
747.077491481618,0.740740740740741
747.309132556442,0.741741741741742
747.54059709266,0.742742742742743
747.771885430513,0.743743743743744
748.002997909143,0.744744744744745
748.233934866603,0.745745745745746
748.464696639856,0.746746746746747
748.695283564786,0.747747747747748
748.925695976197,0.748748748748749
749.155934207823,0.74974974974975
749.385998592332,0.750750750750751
749.615889461327,0.751751751751752
749.845607145354,0.752752752752753
750.075151973908,0.753753753753754
750.304524275434,0.754754754754755
750.533724377335,0.755755755755756
750.762752605973,0.756756756756757
750.99160928668,0.757757757757758
751.220294743754,0.758758758758759
751.448809300472,0.75975975975976
751.677153279089,0.760760760760761
751.905327000844,0.761761761761762
752.133330785966,0.762762762762763
752.361164953677,0.763763763763764
752.588829822196,0.764764764764765
752.816325708745,0.765765765765766
753.043652929553,0.766766766766767
753.270811799859,0.767767767767768
753.497802633919,0.768768768768769
753.724625745008,0.76976976976977
753.951281445425,0.770770770770771
754.177770046498,0.771771771771772
754.404091858586,0.772772772772773
754.630247191087,0.773773773773774
754.856236352439,0.774774774774775
755.082059650127,0.775775775775776
755.307717390682,0.776776776776777
755.533209879692,0.777777777777778
755.758537421803,0.778778778778779
755.98370032072,0.77977977977978
756.208698879216,0.780780780780781
756.433533399134,0.781781781781782
756.658204181392,0.782782782782783
756.882711525982,0.783783783783784
757.107055731984,0.784784784784785
757.33123709756,0.785785785785786
757.555255919962,0.786786786786787
757.779112495539,0.787787787787788
758.002807119734,0.788788788788789
758.226340087096,0.78978978978979
758.449711691275,0.790790790790791
758.672922225034,0.791791791791792
758.895971980246,0.792792792792793
759.118861247905,0.793793793793794
759.341590318123,0.794794794794795
759.564159480137,0.795795795795796
759.786569022313,0.796796796796797
760.008819232147,0.797797797797798
760.230910396274,0.798798798798799
760.452842800466,0.7997997997998
760.674616729638,0.800800800800801
760.896232467852,0.801801801801802
761.117690298322,0.802802802802803
761.338990503413,0.803803803803804
761.56013336465,0.804804804804805
761.781119162716,0.805805805805806
762.001948177461,0.806806806806807
762.222620687902,0.807807807807808
762.443136972228,0.808808808808809
762.663497307803,0.80980980980981
762.883701971168,0.810810810810811
763.103751238048,0.811811811811812
763.323645383352,0.812812812812813
763.543384681178,0.813813813813814
763.762969404816,0.814814814814815
763.982399826752,0.815815815815816
764.20167621867,0.816816816816817
764.420798851456,0.817817817817818
764.639767995202,0.818818818818819
764.858583919209,0.81981981981982
765.077246891989,0.820820820820821
765.29575718127,0.821821821821822
765.514115053998,0.822822822822823
765.732320776343,0.823823823823824
765.950374613695,0.824824824824825
766.168276830677,0.825825825825826
766.38602769114,0.826826826826827
766.603627458172,0.827827827827828
766.821076394097,0.828828828828829
767.03837476048,0.82982982982983
767.255522818129,0.830830830830831
767.472520827101,0.831831831831832
767.6893690467,0.832832832832833
767.906067735486,0.833833833833834
768.122617151274,0.834834834834835
768.339017551137,0.835835835835836
768.55526919141,0.836836836836837
768.771372327696,0.837837837837838
768.987327214862,0.838838838838839
769.203134107049,0.83983983983984
769.418793257671,0.840840840840841
769.634304919419,0.841841841841842
769.849669344263,0.842842842842843
770.064886783457,0.843843843843844
770.279957487539,0.844844844844845
770.494881706337,0.845845845845846
770.70965968897,0.846846846846847
770.92429168385,0.847847847847848
771.138777938688,0.848848848848849
771.353118700492,0.84984984984985
771.567314215575,0.850850850850851
771.781364729554,0.851851851851852
771.995270487356,0.852852852852853
772.209031733216,0.853853853853854
772.422648710684,0.854854854854855
772.636121662628,0.855855855855856
772.849450831233,0.856856856856857
773.062636458005,0.857857857857858
773.275678783776,0.858858858858859
773.488578048706,0.85985985985986
773.701334492283,0.860860860860861
773.913948353327,0.861861861861862
774.126419869995,0.862862862862863
774.33874927978,0.863863863863864
774.550936819517,0.864864864864865
774.762982725381,0.865865865865866
774.974887232894,0.866866866866867
775.186650576928,0.867867867867868
775.398272991701,0.868868868868869
775.609754710789,0.86986986986987
775.821095967119,0.870870870870871
776.032296992979,0.871871871871872
776.243358020017,0.872872872872873
776.454279279245,0.873873873873874
776.665061001037,0.874874874874875
776.875703415139,0.875875875875876
777.086206750666,0.876876876876877
777.296571236104,0.877877877877878
777.506797099318,0.878878878878879
777.716884567549,0.87987987987988
777.926833867416,0.880880880880881
778.136645224923,0.881881881881882
778.346318865459,0.882882882882883
778.5558550138,0.883883883883884
778.76525389411,0.884884884884885
778.974515729946,0.885885885885886
779.18364074426,0.886886886886887
779.3926291594,0.887887887887888
779.601481197112,0.888888888888889
779.810197078545,0.88988988988989
780.01877702425,0.890890890890891
780.227221254184,0.891891891891892
780.435529987713,0.892892892892893
780.643703443612,0.893893893893894
780.851741840069,0.894894894894895
781.059645394687,0.895895895895896
781.267414324485,0.896896896896897
781.475048845902,0.897897897897898
781.682549174798,0.898898898898899
781.889915526458,0.8998998998999
782.097148115589,0.900900900900901
782.304247156331,0.901901901901902
782.511212862249,0.902902902902903
782.718045446342,0.903903903903904
782.924745121046,0.904904904904905
783.13131209823,0.905905905905906
783.337746589201,0.906906906906907
783.544048804711,0.907907907907908
783.750218954949,0.908908908908909
783.956257249554,0.90990990990991
784.162163897608,0.910910910910911
784.367939107645,0.911911911911912
784.573583087647,0.912912912912913
784.779096045052,0.913913913913914
784.984478186749,0.914914914914915
785.189729719089,0.915915915915916
785.394850847878,0.916916916916917
785.599841778386,0.917917917917918
785.804702715345,0.918918918918919
786.00943386295,0.91991991991992
786.214035424866,0.920920920920921
786.418507604226,0.921921921921922
786.622850603633,0.922922922922923
786.827064625165,0.923923923923924
787.031149870372,0.924924924924925
787.235106540284,0.925925925925926
787.438934835406,0.926926926926927
787.642634955727,0.927927927927928
787.846207100716,0.928928928928929
788.049651469328,0.92992992992993
788.252968260003,0.930930930930931
788.456157670671,0.931931931931932
788.659219898749,0.932932932932933
788.862155141148,0.933933933933934
789.064963594274,0.934934934934935
789.267645454024,0.935935935935936
789.470200915796,0.936936936936937
789.672630174488,0.937937937937938
789.874933424496,0.938938938938939
790.077110859719,0.93993993993994
790.279162673563,0.940940940940941
790.481089058939,0.941941941941942
790.682890208266,0.942942942942943
790.884566313473,0.943943943943944
791.086117566,0.944944944944945
791.287544156803,0.945945945945946
791.48884627635,0.946946946946947
791.690024114628,0.947947947947948
791.891077861141,0.948948948948949
792.092007704915,0.94994994994995
792.292813834497,0.950950950950951
792.493496437959,0.951951951951952
792.694055702897,0.952952952952953
792.894491816436,0.953953953953954
793.094804965227,0.954954954954955
793.294995335454,0.955955955955956
793.495063112832,0.956956956956957
793.695008482611,0.957957957957958
793.894831629576,0.958958958958959
794.094532738048,0.95995995995996
794.294111991889,0.960960960960961
794.493569574499,0.961961961961962
794.692905668821,0.962962962962963
794.892120457343,0.963963963963964
795.091214122097,0.964964964964965
795.290186844661,0.965965965965966
795.489038806162,0.966966966966967
795.68777018728,0.967967967967968
795.886381168242,0.968968968968969
796.084871928831,0.96996996996997
796.283242648383,0.970970970970971
796.481493505792,0.971971971971972
796.67962467951,0.972972972972973
796.877636347546,0.973973973973974
797.075528687472,0.974974974974975
797.273301876422,0.975975975975976
797.470956091094,0.976976976976977
797.668491507752,0.977977977977978
797.865908302226,0.978978978978979
798.063206649914,0.97997997997998
798.260386725785,0.980980980980981
798.457448704381,0.981981981981982
798.654392759814,0.982982982982983
798.851219065771,0.983983983983984
799.047927795518,0.984984984984985
799.244519121894,0.985985985985986
799.44099321732,0.986986986986987
799.637350253796,0.987987987987988
799.833590402903,0.988988988988989
800.029713835807,0.98998998998999
800.225720723257,0.990990990990991
800.421611235589,0.991991991991992
800.617385542726,0.992992992992993
800.813043814179,0.993993993993994
801.008586219051,0.994994994994995
801.204012926036,0.995995995995996
801.399324103419,0.996996996996997
801.594519919083,0.997997997997998
801.789600540503,0.998998998998999
801.984566134755,1
